Apple prices, Apple Sale Date 
80,япедю, 1 юопекъ 2020
36,япедю, 25 люпрю 2020
55,брнпмхй, 24 люпрю 2020
56,япедю, 18 люпрю 2020
52,ясаанрю, 14 люпрю 2020
65,япедю, 4 люпрю 2020
70,бняйпеяемэе, 23 тебпюкъ 2020
100,япедю, 19 тебпюкъ 2020
100,бняйпеяемэе, 10 мнъапъ 2019
60,япедю, 5 тебпюкъ 2020
50,онмедекэмхй, 11 люпрю 2019
51,бняйпеяемэе, 10 люпрю 2019
45,бняйпеяемэе, 10 люпрю 2019
50,япедю, 6 люпрю 2019
37,онмедекэмхй, 9 нйръапъ 2017
55,бняйпеяемэе, 8 нйръапъ 2017
80,бняйпеяемэе, 8 нйръапъ 2017
35,ясаанрю, 7 нйръапъ 2017
48,оърмхжю, 6 нйръапъ 2017
37,оърмхжю, 6 нйръапъ 2017
35,оърмхжю, 6 нйръапъ 2017
66,оърмхжю, 6 нйръапъ 2017
35,оърмхжю, 6 нйръапъ 2017
15,вербепц, 5 нйръапъ 2017
40,вербепц, 5 нйръапъ 2017
35,вербепц, 5 нйръапъ 2017
56,япедю, 4 нйръапъ 2017
54,брнпмхй, 3 нйръапъ 2017
57,брнпмхй, 3 нйръапъ 2017
54,брнпмхй, 3 нйръапъ 2017
54,брнпмхй, 3 нйръапъ 2017
55,брнпмхй, 3 нйръапъ 2017
65,брнпмхй, 3 нйръапъ 2017
67,брнпмхй, 3 нйръапъ 2017
68,брнпмхй, 3 нйръапъ 2017
48,онмедекэмхй, 2 нйръапъ 2017
24,бняйпеяемэе, 1 нйръапъ 2017
22,бняйпеяемэе, 1 нйръапъ 2017
36,вербепц, 28 яемръапъ 2017
42,25,вербепц, 28 яемръапъ 2017
37,япедю, 27 яемръапъ 2017
60,бняйпеяемэе, 24 яемръапъ 2017
41,оърмхжю, 22 яемръапъ 2017
41,вербепц, 21 яемръапъ 2017
58,брнпмхй, 19 яемръапъ 2017
1,вербепц, 20 нйръапъ 2016
47,вербепц, 14 яемръапъ 2017
57,онмедекэмхй, 11 яемръапъ 2017
55,оърмхжю, 8 яемръапъ 2017
58,оърмхжю, 8 яемръапъ 2017
1,вербепц, 7 яемръапъ 2017
66,брнпмхй, 5 яемръапъ 2017
65,брнпмхй, 5 яемръапъ 2017
46,онмедекэмхй, 4 яемръапъ 2017
40,онмедекэмхй, 4 яемръапъ 2017
50,ясаанрю, 26 юбцсярю 2017
36,онмедекэмхй, 28 юбцсярю 2017
36,онмедекэмхй, 28 юбцсярю 2017
50,онмедекэмхй, 30 ъмбюпъ 2017
49,оърмхжю, 25 юбцсярю 2017
48,онмедекэмхй, 21 юбцсярю 2017
55,онмедекэмхй, 21 юбцсярю 2017
48,япедю, 16 юбцсярю 2017
58,онмедекэмхй, 14 юбцсярю 2017
70,япедю, 9 юбцсярю 2017
56,бняйпеяемэе, 6 юбцсярю 2017
45,онмедекэмхй, 31 хчкъ 2017
45,оърмхжю, 28 хчкъ 2017
50,брнпмхй, 25 хчкъ 2017
1,брнпмхй, 25 хчкъ 2017
37,онмедекэмхй, 24 хчкъ 2017
37,ясаанрю, 22 хчкъ 2017
12,оърмхжю, 21 хчкъ 2017
12,вербепц, 20 хчкъ 2017
12,япедю, 19 хчкъ 2017
39,брнпмхй, 18 хчкъ 2017
57,онмедекэмхй, 17 хчкъ 2017
52,ясаанрю, 15 хчкъ 2017
37,вербепц, 13 хчкъ 2017
56,брнпмхй, 11 хчкъ 2017
25,ясаанрю, 1 хчкъ 2017
60,оърмхжю, 30 хчмъ 2017
75,япедю, 28 хчмъ 2017
60,япедю, 28 хчмъ 2017
65,япедю, 21 хчмъ 2017
1,онмедекэмхй, 19 хчмъ 2017
20,бняйпеяемэе, 18 хчмъ 2017
68,брнпмхй, 11 юопекъ 2017
25,вербепц, 30 люпрю 2017
30,онмедекэмхй, 29 люъ 2017
15,бняйпеяемэе, 28 люъ 2017
40,вербепц, 11 люъ 2017
0,01,япедю, 10 люъ 2017
35,япедю, 10 люъ 2017
1,вербепц, 13 юопекъ 2017
40,япедю, 12 юопекъ 2017
41,япедю, 22 тебпюкъ 2017
1,япедю, 5 юопекъ 2017
1,брнпмхй, 4 юопекъ 2017
1,онмедекэмхй, 3 юопекъ 2017
1,оърмхжю, 17 люпрю 2017
12,бняйпеяемэе, 26 люпрю 2017
57,оърмхжю, 24 люпрю 2017
65,онмедекэмхй, 20 люпрю 2017
41,вербепц, 16 люпрю 2017
30,онмедекэмхй, 13 люпрю 2017
40,онмедекэмхй, 13 люпрю 2017
50,оърмхжю, 3 люпрю 2017
25,онмедекэмхй, 6 люпрю 2017
2,брнпмхй, 28 тебпюкъ 2017
38,оърмхжю, 3 тебпюкъ 2017
30,вербепц, 23 тебпюкъ 2017
39,брнпмхй, 24 ъмбюпъ 2017
25,онмедекэмхй, 20 тебпюкъ 2017
55,оърмхжю, 17 тебпюкъ 2017
29,ясаанрю, 11 тебпюкъ 2017
41,вербепц, 9 тебпюкъ 2017
22,вербепц, 9 тебпюкъ 2017
43,япедю, 8 тебпюкъ 2017
1,япедю, 25 ъмбюпъ 2017
5,япедю, 1 тебпюкъ 2017
40,онмедекэмхй, 6 тебпюкъ 2017
84,бняйпеяемэе, 5 тебпюкъ 2017
39,ясаанрю, 4 тебпюкъ 2017
50,оърмхжю, 3 тебпюкъ 2017
37,вербепц, 2 тебпюкъ 2017
30,вербепц, 26 ъмбюпъ 2017
41,брнпмхй, 24 ъмбюпъ 2017
39,ясаанрю, 21 ъмбюпъ 2017
55,ясаанрю, 21 ъмбюпъ 2017
53,вербепц, 19 ъмбюпъ 2017
43,япедю, 18 ъмбюпъ 2017
60,брнпмхй, 17 ъмбюпъ 2017
45,онмедекэмхй, 16 ъмбюпъ 2017
40,оърмхжю, 13 ъмбюпъ 2017
39,вербепц, 12 ъмбюпъ 2017
1,япедю, 11 ъмбюпъ 2017
38,вербепц, 5 ъмбюпъ 2017
50,брнпмхй, 27 дейюапъ 2016
36,япедю, 25 мнъапъ 2015
47,брнпмхй, 27 дейюапъ 2016
41,ясаанрю, 24 дейюапъ 2016
47,оърмхжю, 23 дейюапъ 2016
38,вербепц, 22 дейюапъ 2016
32,брнпмхй, 20 дейюапъ 2016
47,брнпмхй, 20 дейюапъ 2016
60,онмедекэмхй, 19 дейюапъ 2016
1,бняйпеяемэе, 18 дейюапъ 2016
40,бняйпеяемэе, 18 дейюапъ 2016
38,япедю, 14 дейюапъ 2016
43,япедю, 14 дейюапъ 2016
48,япедю, 14 дейюапъ 2016
43,брнпмхй, 13 дейюапъ 2016
32,бняйпеяемэе, 11 дейюапъ 2016
55,оърмхжю, 9 дейюапъ 2016
48,оърмхжю, 9 дейюапъ 2016
80,вербепц, 8 дейюапъ 2016
20,вербепц, 8 дейюапъ 2016
50,вербепц, 8 дейюапъ 2016
45,япедю, 7 дейюапъ 2016
37,япедю, 30 мнъапъ 2016
43,брнпмхй, 29 мнъапъ 2016
25,оърмхжю, 25 мнъапъ 2016
46,брнпмхй, 22 мнъапъ 2016
45,онмедекэмхй, 21 мнъапъ 2016
57,бняйпеяемэе, 20 мнъапъ 2016
43,вербепц, 17 мнъапъ 2016
40,япедю, 16 мнъапъ 2016
58,япедю, 16 мнъапъ 2016
200,брнпмхй, 15 мнъапъ 2016
47,брнпмхй, 15 мнъапъ 2016
35,бняйпеяемэе, 13 мнъапъ 2016
65,вербепц, 10 мнъапъ 2016
33,брнпмхй, 11 нйръапъ 2016
33,япедю, 19 нйръапъ 2016
33,япедю, 19 нйръапъ 2016
39,япедю, 9 мнъапъ 2016
35,онмедекэмхй, 3 нйръапъ 2016
35,онмедекэмхй, 3 нйръапъ 2016
26,бняйпеяемэе, 6 мнъапъ 2016
55,оърмхжю, 4 мнъапъ 2016
35,бняйпеяемэе, 30 нйръапъ 2016
53,онмедекэмхй, 31 нйръапъ 2016
46,ясаанрю, 29 нйръапъ 2016
40,бняйпеяемэе, 30 нйръапъ 2016
40,ясаанрю, 29 нйръапъ 2016
46,оърмхжю, 28 нйръапъ 2016
48,оърмхжю, 28 нйръапъ 2016
50,оърмхжю, 28 нйръапъ 2016
23,вербепц, 27 нйръапъ 2016
48,япедю, 26 нйръапъ 2016
42,япедю, 26 нйръапъ 2016
48,вербепц, 20 нйръапъ 2016
43,вербепц, 20 нйръапъ 2016
43,оърмхжю, 21 нйръапъ 2016
55,оърмхжю, 21 нйръапъ 2016
45,брнпмхй, 25 нйръапъ 2016
9,оърмхжю, 7 нйръапъ 2016
50,онмедекэмхй, 24 нйръапъ 2016
35,онмедекэмхй, 24 нйръапъ 2016
58,онмедекэмхй, 24 нйръапъ 2016
35,бняйпеяемэе, 23 нйръапъ 2016
40,вербепц, 20 нйръапъ 2016
100,япедю, 19 нйръапъ 2016
35,япедю, 19 нйръапъ 2016
31,брнпмхй, 18 нйръапъ 2016
42,брнпмхй, 18 нйръапъ 2016
53,онмедекэмхй, 12 яемръапъ 2016
32,онмедекэмхй, 17 нйръапъ 2016
30,онмедекэмхй, 17 нйръапъ 2016
30,онмедекэмхй, 17 нйръапъ 2016
40,бняйпеяемэе, 16 нйръапъ 2016
40,вербепц, 13 нйръапъ 2016
47,онмедекэмхй, 10 нйръапъ 2016
200,бняйпеяемэе, 9 нйръапъ 2016
45,вербепц, 6 нйръапъ 2016
35,вербепц, 6 нйръапъ 2016
20,вербепц, 1 яемръапъ 2016
37,япедю, 5 нйръапъ 2016
48,ясаанрю, 1 нйръапъ 2016
36,онмедекэмхй, 3 нйръапъ 2016
30,онмедекэмхй, 3 нйръапъ 2016
30,бняйпеяемэе, 2 нйръапъ 2016
60,вербепц, 29 яемръапъ 2016
65,вербепц, 1 яемръапъ 2016
55,вербепц, 1 яемръапъ 2016
35,брнпмхй, 27 яемръапъ 2016
42,ясаанрю, 24 яемръапъ 2016
50,бняйпеяемэе, 25 яемръапъ 2016
28,оърмхжю, 23 яемръапъ 2016
35,вербепц, 22 яемръапъ 2016
40,япедю, 21 яемръапъ 2016
22,брнпмхй, 20 яемръапъ 2016
25,брнпмхй, 20 яемръапъ 2016
28,онмедекэмхй, 19 яемръапъ 2016
50,бняйпеяемэе, 18 яемръапъ 2016
27,ясаанрю, 17 яемръапъ 2016
10,япедю, 7 яемръапъ 2016
23,япедю, 14 яемръапъ 2016
45,бняйпеяемэе, 4 яемръапъ 2016
40,ясаанрю, 10 яемръапъ 2016
50,ясаанрю, 10 яемръапъ 2016
55,ясаанрю, 10 яемръапъ 2016
1,вербепц, 8 яемръапъ 2016
1,вербепц, 8 яемръапъ 2016
50,вербепц, 8 яемръапъ 2016
36,япедю, 7 яемръапъ 2016
1,брнпмхй, 6 яемръапъ 2016
42,онмедекэмхй, 5 яемръапъ 2016
47,онмедекэмхй, 5 яемръапъ 2016
50,онмедекэмхй, 5 яемръапъ 2016
25,онмедекэмхй, 5 яемръапъ 2016
65,онмедекэмхй, 15 юбцсярю 2016
50,вербепц, 11 юбцсярю 2016
35,вербепц, 11 юбцсярю 2016
57,вербепц, 11 юбцсярю 2016
55,онмедекэмхй, 29 юбцсярю 2016
60,бняйпеяемэе, 10 юопекъ 2016
40,брнпмхй, 30 юбцсярю 2016
50,брнпмхй, 30 юбцсярю 2016
57,50,вербепц, 11 юбцсярю 2016
66,вербепц, 11 юбцсярю 2016
73,вербепц, 11 юбцсярю 2016
77,вербепц, 11 юбцсярю 2016
74,вербепц, 11 юбцсярю 2016
75,вербепц, 11 юбцсярю 2016
55,вербепц, 11 юбцсярю 2016
45,вербепц, 11 юбцсярю 2016
25,онмедекэмхй, 15 юбцсярю 2016
55,брнпмхй, 16 юбцсярю 2016
55,вербепц, 18 юбцсярю 2016
42,онмедекэмхй, 29 юбцсярю 2016
60,ясаанрю, 20 юбцсярю 2016
35,ясаанрю, 20 юбцсярю 2016
25,япедю, 17 юбцсярю 2016
42,брнпмхй, 8 люпрю 2016
73,вербепц, 11 юбцсярю 2016
35,япедю, 10 юбцсярю 2016
8,брнпмхй, 9 юбцсярю 2016
42,япедю, 27 юопекъ 2016
8,онмедекэмхй, 8 юбцсярю 2016
8,онмедекэмхй, 8 юбцсярю 2016
45,брнпмхй, 2 юбцсярю 2016
75,онмедекэмхй, 1 юбцсярю 2016
45,ясаанрю, 30 хчкъ 2016
50,вербепц, 28 хчкъ 2016
1,онмедекэмхй, 11 хчкъ 2016
55,оърмхжю, 15 хчкъ 2016
55,оърмхжю, 15 хчкъ 2016
0,10,оърмхжю, 22 хчкъ 2016
47,япедю, 20 хчкъ 2016
10,брнпмхй, 19 хчкъ 2016
45,онмедекэмхй, 18 хчкъ 2016
1,бняйпеяемэе, 17 хчкъ 2016
1,вербепц, 14 хчкъ 2016
50,ясаанрю, 16 хчкъ 2016
50,брнпмхй, 1 люпрю 2016
42,вербепц, 14 хчкъ 2016
1,онмедекэмхй, 11 хчкъ 2016
42,ясаанрю, 9 хчкъ 2016
1,оърмхжю, 8 хчкъ 2016
54,вербепц, 9 хчмъ 2016
60,япедю, 29 хчмъ 2016
15,вербепц, 23 хчмъ 2016
40,вербепц, 9 хчмъ 2016
35,япедю, 16 люпрю 2016
40,япедю, 25 люъ 2016
50,бняйпеяемэе, 10 юопекъ 2016
53,брнпмхй, 26 юопекъ 2016
53,брнпмхй, 26 юопекъ 2016
50,оърмхжю, 13 люъ 2016
60,оърмхжю, 13 люъ 2016
60,брнпмхй, 12 юопекъ 2016
55,брнпмхй, 10 люъ 2016
55,онмедекэмхй, 21 люпрю 2016
100,япедю, 13 юопекъ 2016
58,бняйпеяемэе, 24 юопекъ 2016
55,вербепц, 7 юопекъ 2016
25,оърмхжю, 22 юопекъ 2016
77,оърмхжю, 15 юопекъ 2016
27,брнпмхй, 19 юопекъ 2016
60,бняйпеяемэе, 17 юопекъ 2016
60,оърмхжю, 15 юопекъ 2016
52,оърмхжю, 25 люпрю 2016
80,вербепц, 7 юопекъ 2016
40,брнпмхй, 5 юопекъ 2016
30,онмедекэмхй, 4 юопекъ 2016
50,бняйпеяемэе, 27 люпрю 2016
85,брнпмхй, 22 люпрю 2016
53,брнпмхй, 22 люпрю 2016
47,онмедекэмхй, 21 люпрю 2016
10,онмедекэмхй, 21 люпрю 2016
58,бняйпеяемэе, 20 люпрю 2016
60,вербепц, 17 люпрю 2016
34,вербепц, 17 люпрю 2016
85,брнпмхй, 15 люпрю 2016
52,вербепц, 4 тебпюкъ 2016
52,япедю, 2 люпрю 2016
52,вербепц, 4 тебпюкъ 2016
56,вербепц, 4 тебпюкъ 2016
56,ясаанрю, 27 тебпюкъ 2016
90,бняйпеяемэе, 13 люпрю 2016
48,ясаанрю, 12 люпрю 2016
59,оърмхжю, 11 люпрю 2016
29,оърмхжю, 11 люпрю 2016
10,оърмхжю, 11 люпрю 2016
50,япедю, 9 люпрю 2016
38,бняйпеяемэе, 6 люпрю 2016
1,ясаанрю, 12 дейюапъ 2015
56,вербепц, 4 тебпюкъ 2016
50,япедю, 2 люпрю 2016
80,брнпмхй, 1 люпрю 2016
55,брнпмхй, 16 тебпюкъ 2016
250,оърмхжю, 26 тебпюкъ 2016
46,вербепц, 25 тебпюкъ 2016
38,вербепц, 25 тебпюкъ 2016
1,ясаанрю, 16 ъмбюпъ 2016
60,япедю, 24 тебпюкъ 2016
35,оърмхжю, 19 тебпюкъ 2016
55,оърмхжю, 19 тебпюкъ 2016
68,вербепц, 18 тебпюкъ 2016
60,оърмхжю, 12 тебпюкъ 2016
49,брнпмхй, 16 тебпюкъ 2016
100,ясаанрю, 13 тебпюкъ 2016
62,вербепц, 11 тебпюкъ 2016
60,вербепц, 4 тебпюкъ 2016
38,япедю, 3 тебпюкъ 2016
55,япедю, 3 тебпюкъ 2016
1,брнпмхй, 2 тебпюкъ 2016
42,онмедекэмхй, 18 ъмбюпъ 2016
29,брнпмхй, 26 ъмбюпъ 2016
35,онмедекэмхй, 25 ъмбюпъ 2016
45,оърмхжю, 22 ъмбюпъ 2016
30,оърмхжю, 22 ъмбюпъ 2016
43,япедю, 23 дейюапъ 2015
27,брнпмхй, 12 ъмбюпъ 2016
29,онмедекэмхй, 11 ъмбюпъ 2016
52,онмедекэмхй, 11 ъмбюпъ 2016
45,брнпмхй, 5 ъмбюпъ 2016
90,вербепц, 24 дейюапъ 2015
55,япедю, 23 дейюапъ 2015
55,брнпмхй, 22 дейюапъ 2015
45,50,брнпмхй, 22 дейюапъ 2015
47,вербепц, 17 дейюапъ 2015
95,вербепц, 17 дейюапъ 2015
60,брнпмхй, 15 дейюапъ 2015
48,онмедекэмхй, 14 дейюапъ 2015
45,онмедекэмхй, 14 дейюапъ 2015
50,вербепц, 10 дейюапъ 2015
45,вербепц, 10 дейюапъ 2015
50,брнпмхй, 8 дейюапъ 2015
48,оърмхжю, 4 дейюапъ 2015
66,япедю, 2 дейюапъ 2015
44,брнпмхй, 1 дейюапъ 2015
44,онмедекэмхй, 30 мнъапъ 2015
45,онмедекэмхй, 23 мнъапъ 2015
44,онмедекэмхй, 30 мнъапъ 2015
48,вербепц, 26 мнъапъ 2015
48,вербепц, 26 мнъапъ 2015
44,вербепц, 26 мнъапъ 2015
44,вербепц, 26 мнъапъ 2015
42,брнпмхй, 3 мнъапъ 2015
42,онмедекэмхй, 23 мнъапъ 2015
43,онмедекэмхй, 23 мнъапъ 2015
39,онмедекэмхй, 23 мнъапъ 2015
44,онмедекэмхй, 23 мнъапъ 2015
41,онмедекэмхй, 23 мнъапъ 2015
39,оърмхжю, 20 мнъапъ 2015
44,оърмхжю, 20 мнъапъ 2015
41,оърмхжю, 20 мнъапъ 2015
45,оърмхжю, 20 мнъапъ 2015
25,онмедекэмхй, 12 нйръапъ 2015
43,оърмхжю, 20 мнъапъ 2015
42,вербепц, 19 мнъапъ 2015
41,вербепц, 19 мнъапъ 2015
44,брнпмхй, 10 мнъапъ 2015
40,вербепц, 19 мнъапъ 2015
41,япедю, 18 мнъапъ 2015
45,япедю, 18 мнъапъ 2015
40,оърмхжю, 13 мнъапъ 2015
45,брнпмхй, 17 мнъапъ 2015
22,брнпмхй, 17 мнъапъ 2015
44,брнпмхй, 17 мнъапъ 2015
40,брнпмхй, 17 мнъапъ 2015
43,онмедекэмхй, 16 мнъапъ 2015
49,вербепц, 12 мнъапъ 2015
39,оърмхжю, 13 мнъапъ 2015
40,оърмхжю, 13 мнъапъ 2015
42,оърмхжю, 13 мнъапъ 2015
44,вербепц, 12 мнъапъ 2015
60,вербепц, 12 мнъапъ 2015
42,вербепц, 12 мнъапъ 2015
46,япедю, 11 мнъапъ 2015
47,япедю, 11 мнъапъ 2015
46,япедю, 11 мнъапъ 2015
42,япедю, 11 мнъапъ 2015
45,япедю, 11 мнъапъ 2015
42,брнпмхй, 10 мнъапъ 2015
1,брнпмхй, 10 мнъапъ 2015
40,брнпмхй, 10 мнъапъ 2015
43,онмедекэмхй, 9 мнъапъ 2015
41,онмедекэмхй, 9 мнъапъ 2015
42,вербепц, 5 мнъапъ 2015
45,онмедекэмхй, 9 мнъапъ 2015
40,брнпмхй, 3 мнъапъ 2015
42,онмедекэмхй, 9 мнъапъ 2015
40,онмедекэмхй, 9 мнъапъ 2015
41,брнпмхй, 3 мнъапъ 2015
44,брнпмхй, 3 мнъапъ 2015
41,вербепц, 5 мнъапъ 2015
37,бняйпеяемэе, 8 мнъапъ 2015
34,оърмхжю, 6 мнъапъ 2015
56,оърмхжю, 6 мнъапъ 2015
29,япедю, 4 мнъапъ 2015
1,онмедекэмхй, 2 мнъапъ 2015
65,япедю, 28 нйръапъ 2015
48,онмедекэмхй, 26 нйръапъ 2015
38,оърмхжю, 23 нйръапъ 2015
38,оърмхжю, 23 нйръапъ 2015
38,онмедекэмхй, 19 нйръапъ 2015
36,бняйпеяемэе, 18 нйръапъ 2015
36,оърмхжю, 16 нйръапъ 2015
35,вербепц, 15 нйръапъ 2015
45,онмедекэмхй, 5 нйръапъ 2015
35,вербепц, 15 нйръапъ 2015
45,брнпмхй, 13 нйръапъ 2015
30,брнпмхй, 13 нйръапъ 2015
40,брнпмхй, 13 нйръапъ 2015
55,брнпмхй, 13 нйръапъ 2015
45,онмедекэмхй, 12 нйръапъ 2015
35,онмедекэмхй, 12 нйръапъ 2015
77,ясаанрю, 26 яемръапъ 2015
38,оърмхжю, 9 нйръапъ 2015
60,брнпмхй, 15 яемръапъ 2015
60,оърмхжю, 9 нйръапъ 2015
37,оърмхжю, 9 нйръапъ 2015
57,вербепц, 8 нйръапъ 2015
54,япедю, 7 нйръапъ 2015
29,япедю, 7 нйръапъ 2015
45,япедю, 7 нйръапъ 2015
33,онмедекэмхй, 5 нйръапъ 2015
60,онмедекэмхй, 5 нйръапъ 2015
35,ясаанрю, 3 нйръапъ 2015
9,50,япедю, 30 яемръапъ 2015
43,50,япедю, 30 яемръапъ 2015
1,онмедекэмхй, 28 яемръапъ 2015
50,бняйпеяемэе, 27 яемръапъ 2015
1,ясаанрю, 26 яемръапъ 2015
45,вербепц, 10 яемръапъ 2015
40,брнпмхй, 22 яемръапъ 2015
12,брнпмхй, 22 яемръапъ 2015
35,брнпмхй, 22 яемръапъ 2015
43,50,брнпмхй, 22 яемръапъ 2015
35,онмедекэмхй, 21 яемръапъ 2015
46,онмедекэмхй, 21 яемръапъ 2015
46,оърмхжю, 18 яемръапъ 2015
1,оърмхжю, 18 яемръапъ 2015
46,брнпмхй, 15 яемръапъ 2015
1,брнпмхй, 15 яемръапъ 2015
1,бняйпеяемэе, 13 яемръапъ 2015
1,оърмхжю, 11 яемръапъ 2015
1,вербепц, 10 яемръапъ 2015
1,япедю, 9 яемръапъ 2015
40,оърмхжю, 17 юопекъ 2015
47,оърмхжю, 4 яемръапъ 2015
42,оърмхжю, 4 яемръапъ 2015
46,япедю, 2 яемръапъ 2015
47,япедю, 2 яемръапъ 2015
15,япедю, 23 яемръапъ 2015
8,брнпмхй, 25 юбцсярю 2015
30,япедю, 23 яемръапъ 2015
30,япедю, 2 яемръапъ 2015
1,оърмхжю, 21 юбцсярю 2015
30,оърмхжю, 21 юбцсярю 2015
30,брнпмхй, 25 юбцсярю 2015
1,оърмхжю, 21 юбцсярю 2015
44,вербепц, 27 юбцсярю 2015
30,оърмхжю, 21 юбцсярю 2015
30,оърмхжю, 21 юбцсярю 2015
30,оърмхжю, 21 юбцсярю 2015
89,япедю, 12 юбцсярю 2015
50,япедю, 12 юбцсярю 2015
47,япедю, 12 юбцсярю 2015
1,бняйпеяемэе, 2 юбцсярю 2015
70,ясаанрю, 1 юбцсярю 2015
70,оърмхжю, 31 хчкъ 2015
55,япедю, 24 хчмъ 2015
1,онмедекэмхй, 16 тебпюкъ 2015
55,брнпмхй, 30 хчмъ 2015
56,япедю, 15 юопекъ 2015
40,ясаанрю, 23 люъ 2015
53,вербепц, 21 люъ 2015
56,брнпмхй, 19 люъ 2015
30,брнпмхй, 19 люъ 2015
35,оърмхжю, 17 юопекъ 2015
30,вербепц, 14 люъ 2015
50,онмедекэмхй, 11 люъ 2015
54,вербепц, 15 ъмбюпъ 2015
50,брнпмхй, 21 юопекъ 2015
50,онмедекэмхй, 13 юопекъ 2015
47,оърмхжю, 10 юопекъ 2015
48,онмедекэмхй, 6 юопекъ 2015
9 999,99,бняйпеяемэе, 5 юопекъ 2015
45,оърмхжю, 3 юопекъ 2015
73,онмедекэмхй, 30 люпрю 2015
72,ясаанрю, 28 люпрю 2015
46,онмедекэмхй, 23 люпрю 2015
58,бняйпеяемэе, 22 люпрю 2015
10,ясаанрю, 21 люпрю 2015
65,брнпмхй, 17 люпрю 2015
49,вербепц, 5 люпрю 2015
100,япедю, 11 люпрю 2015
42,бняйпеяемэе, 22 тебпюкъ 2015
65,оърмхжю, 6 тебпюкъ 2015
50,брнпмхй, 17 тебпюкъ 2015
55,вербепц, 12 тебпюкъ 2015
72,брнпмхй, 10 тебпюкъ 2015
34,япедю, 4 тебпюкъ 2015
52,вербепц, 29 ъмбюпъ 2015
36,брнпмхй, 27 ъмбюпъ 2015
47,вербепц, 15 ъмбюпъ 2015
38,япедю, 14 ъмбюпъ 2015
34,япедю, 14 ъмбюпъ 2015
15,брнпмхй, 13 ъмбюпъ 2015
60,япедю, 24 дейюапъ 2014
39,ясаанрю, 13 дейюапъ 2014
38,вербепц, 11 дейюапъ 2014
38,вербепц, 11 дейюапъ 2014
44,вербепц, 11 дейюапъ 2014
25,онмедекэмхй, 1 дейюапъ 2014
37,оърмхжю, 28 мнъапъ 2014
24,онмедекэмхй, 24 мнъапъ 2014
4,50,оърмхжю, 21 мнъапъ 2014
31,оърмхжю, 21 мнъапъ 2014
19,вербепц, 20 мнъапъ 2014
19,вербепц, 20 мнъапъ 2014
1,вербепц, 20 мнъапъ 2014
35,япедю, 19 мнъапъ 2014
38,онмедекэмхй, 17 мнъапъ 2014
1,бняйпеяемэе, 16 мнъапъ 2014
54,ясаанрю, 8 мнъапъ 2014
40,брнпмхй, 28 нйръапъ 2014
25,онмедекэмхй, 27 нйръапъ 2014
25,вербепц, 16 нйръапъ 2014
48,брнпмхй, 14 нйръапъ 2014
29,брнпмхй, 14 нйръапъ 2014
25,вербепц, 9 нйръапъ 2014
40,япедю, 8 нйръапъ 2014
1,ясаанрю, 6 яемръапъ 2014
45,вербепц, 2 нйръапъ 2014
30,япедю, 1 нйръапъ 2014
30,ясаанрю, 27 яемръапъ 2014
50,оърмхжю, 26 яемръапъ 2014
15,вербепц, 25 яемръапъ 2014
1,ясаанрю, 6 яемръапъ 2014
35,япедю, 24 яемръапъ 2014
37,бняйпеяемэе, 21 яемръапъ 2014
38,ясаанрю, 20 яемръапъ 2014
35,вербепц, 18 яемръапъ 2014
37,япедю, 17 яемръапъ 2014
20,брнпмхй, 16 яемръапъ 2014
33,онмедекэмхй, 15 яемръапъ 2014
25,ясаанрю, 13 яемръапъ 2014
45,вербепц, 11 яемръапъ 2014
50,япедю, 10 яемръапъ 2014
29,япедю, 10 яемръапъ 2014
45,брнпмхй, 9 яемръапъ 2014
1,онмедекэмхй, 8 яемръапъ 2014
40,ясаанрю, 6 яемръапъ 2014
1,оърмхжю, 5 яемръапъ 2014
40,вербепц, 4 яемръапъ 2014
25,япедю, 20 юбцсярю 2014
33,вербепц, 14 юбцсярю 2014
10,вербепц, 31 хчкъ 2014
1,япедю, 16 хчкъ 2014
25,брнпмхй, 15 хчкъ 2014
30,онмедекэмхй, 14 хчкъ 2014
1,оърмхжю, 4 хчкъ 2014
24,бняйпеяемэе, 29 хчмъ 2014
45,вербепц, 30 юопекъ 2020
45,онмедекэмхй, 27 юопекъ 2020
58,онмедекэмхй, 27 юопекъ 2020
32,брнпмхй, 21 юопекъ 2020
80,япедю, 1 юопекъ 2020
36,япедю, 25 люпрю 2020
55,брнпмхй, 24 люпрю 2020
56,япедю, 18 люпрю 2020
52,ясаанрю, 14 люпрю 2020
65,япедю, 4 люпрю 2020
70,бняйпеяемэе, 23 тебпюкъ 2020
100,япедю, 19 тебпюкъ 2020
100,бняйпеяемэе, 10 мнъапъ 2019
60,япедю, 5 тебпюкъ 2020
50,онмедекэмхй, 11 люпрю 2019
51,бняйпеяемэе, 10 люпрю 2019
45,бняйпеяемэе, 10 люпрю 2019
50,япедю, 6 люпрю 2019
37,онмедекэмхй, 9 нйръапъ 2017
55,бняйпеяемэе, 8 нйръапъ 2017
80,бняйпеяемэе, 8 нйръапъ 2017
35,ясаанрю, 7 нйръапъ 2017
48,оърмхжю, 6 нйръапъ 2017
37,оърмхжю, 6 нйръапъ 2017
35,оърмхжю, 6 нйръапъ 2017
66,оърмхжю, 6 нйръапъ 2017
35,оърмхжю, 6 нйръапъ 2017
15,вербепц, 5 нйръапъ 2017
40,вербепц, 5 нйръапъ 2017
35,вербепц, 5 нйръапъ 2017
56,япедю, 4 нйръапъ 2017
54,брнпмхй, 3 нйръапъ 2017
57,брнпмхй, 3 нйръапъ 2017
54,брнпмхй, 3 нйръапъ 2017
54,брнпмхй, 3 нйръапъ 2017
55,брнпмхй, 3 нйръапъ 2017
65,брнпмхй, 3 нйръапъ 2017
67,брнпмхй, 3 нйръапъ 2017
68,брнпмхй, 3 нйръапъ 2017
48,онмедекэмхй, 2 нйръапъ 2017
24,бняйпеяемэе, 1 нйръапъ 2017
22,бняйпеяемэе, 1 нйръапъ 2017
36,вербепц, 28 яемръапъ 2017
42,25,вербепц, 28 яемръапъ 2017
37,япедю, 27 яемръапъ 2017
60,бняйпеяемэе, 24 яемръапъ 2017
41,оърмхжю, 22 яемръапъ 2017
41,вербепц, 21 яемръапъ 2017
58,брнпмхй, 19 яемръапъ 2017
1,вербепц, 20 нйръапъ 2016
47,вербепц, 14 яемръапъ 2017
57,онмедекэмхй, 11 яемръапъ 2017
55,оърмхжю, 8 яемръапъ 2017
58,оърмхжю, 8 яемръапъ 2017
1,вербепц, 7 яемръапъ 2017
66,брнпмхй, 5 яемръапъ 2017
65,брнпмхй, 5 яемръапъ 2017
46,онмедекэмхй, 4 яемръапъ 2017
40,онмедекэмхй, 4 яемръапъ 2017
50,ясаанрю, 26 юбцсярю 2017
36,онмедекэмхй, 28 юбцсярю 2017
36,онмедекэмхй, 28 юбцсярю 2017
50,онмедекэмхй, 30 ъмбюпъ 2017
49,оърмхжю, 25 юбцсярю 2017
48,онмедекэмхй, 21 юбцсярю 2017
55,онмедекэмхй, 21 юбцсярю 2017
48,япедю, 16 юбцсярю 2017
58,онмедекэмхй, 14 юбцсярю 2017
70,япедю, 9 юбцсярю 2017
56,бняйпеяемэе, 6 юбцсярю 2017
45,онмедекэмхй, 31 хчкъ 2017
45,оърмхжю, 28 хчкъ 2017
50,брнпмхй, 25 хчкъ 2017
1,брнпмхй, 25 хчкъ 2017
37,онмедекэмхй, 24 хчкъ 2017
37,ясаанрю, 22 хчкъ 2017
12,оърмхжю, 21 хчкъ 2017
12,вербепц, 20 хчкъ 2017
12,япедю, 19 хчкъ 2017
39,брнпмхй, 18 хчкъ 2017
57,онмедекэмхй, 17 хчкъ 2017
52,ясаанрю, 15 хчкъ 2017
37,вербепц, 13 хчкъ 2017
56,брнпмхй, 11 хчкъ 2017
25,ясаанрю, 1 хчкъ 2017
60,оърмхжю, 30 хчмъ 2017
75,япедю, 28 хчмъ 2017
60,япедю, 28 хчмъ 2017
65,япедю, 21 хчмъ 2017
1,онмедекэмхй, 19 хчмъ 2017
20,бняйпеяемэе, 18 хчмъ 2017
68,брнпмхй, 11 юопекъ 2017
25,вербепц, 30 люпрю 2017
30,онмедекэмхй, 29 люъ 2017
15,бняйпеяемэе, 28 люъ 2017
40,вербепц, 11 люъ 2017
0,01,япедю, 10 люъ 2017
35,япедю, 10 люъ 2017
1,вербепц, 13 юопекъ 2017
40,япедю, 12 юопекъ 2017
41,япедю, 22 тебпюкъ 2017
1,япедю, 5 юопекъ 2017
1,брнпмхй, 4 юопекъ 2017
1,онмедекэмхй, 3 юопекъ 2017
1,оърмхжю, 17 люпрю 2017
12,бняйпеяемэе, 26 люпрю 2017
57,оърмхжю, 24 люпрю 2017
65,онмедекэмхй, 20 люпрю 2017
41,вербепц, 16 люпрю 2017
30,онмедекэмхй, 13 люпрю 2017
40,онмедекэмхй, 13 люпрю 2017
50,оърмхжю, 3 люпрю 2017
25,онмедекэмхй, 6 люпрю 2017
2,брнпмхй, 28 тебпюкъ 2017
38,оърмхжю, 3 тебпюкъ 2017
30,вербепц, 23 тебпюкъ 2017
39,брнпмхй, 24 ъмбюпъ 2017
25,онмедекэмхй, 20 тебпюкъ 2017
55,оърмхжю, 17 тебпюкъ 2017
29,ясаанрю, 11 тебпюкъ 2017
41,вербепц, 9 тебпюкъ 2017
22,вербепц, 9 тебпюкъ 2017
43,япедю, 8 тебпюкъ 2017
1,япедю, 25 ъмбюпъ 2017
5,япедю, 1 тебпюкъ 2017
40,онмедекэмхй, 6 тебпюкъ 2017
84,бняйпеяемэе, 5 тебпюкъ 2017
39,ясаанрю, 4 тебпюкъ 2017
50,оърмхжю, 3 тебпюкъ 2017
37,вербепц, 2 тебпюкъ 2017
30,вербепц, 26 ъмбюпъ 2017
41,брнпмхй, 24 ъмбюпъ 2017
39,ясаанрю, 21 ъмбюпъ 2017
55,ясаанрю, 21 ъмбюпъ 2017
53,вербепц, 19 ъмбюпъ 2017
43,япедю, 18 ъмбюпъ 2017
60,брнпмхй, 17 ъмбюпъ 2017
45,онмедекэмхй, 16 ъмбюпъ 2017
40,оърмхжю, 13 ъмбюпъ 2017
39,вербепц, 12 ъмбюпъ 2017
1,япедю, 11 ъмбюпъ 2017
38,вербепц, 5 ъмбюпъ 2017
50,брнпмхй, 27 дейюапъ 2016
36,япедю, 25 мнъапъ 2015
47,брнпмхй, 27 дейюапъ 2016
41,ясаанрю, 24 дейюапъ 2016
47,оърмхжю, 23 дейюапъ 2016
38,вербепц, 22 дейюапъ 2016
32,брнпмхй, 20 дейюапъ 2016
47,брнпмхй, 20 дейюапъ 2016
60,онмедекэмхй, 19 дейюапъ 2016
1,бняйпеяемэе, 18 дейюапъ 2016
40,бняйпеяемэе, 18 дейюапъ 2016
38,япедю, 14 дейюапъ 2016
43,япедю, 14 дейюапъ 2016
48,япедю, 14 дейюапъ 2016
43,брнпмхй, 13 дейюапъ 2016
32,бняйпеяемэе, 11 дейюапъ 2016
55,оърмхжю, 9 дейюапъ 2016
48,оърмхжю, 9 дейюапъ 2016
80,вербепц, 8 дейюапъ 2016
20,вербепц, 8 дейюапъ 2016
50,вербепц, 8 дейюапъ 2016
45,япедю, 7 дейюапъ 2016
37,япедю, 30 мнъапъ 2016
43,брнпмхй, 29 мнъапъ 2016
25,оърмхжю, 25 мнъапъ 2016
46,брнпмхй, 22 мнъапъ 2016
45,онмедекэмхй, 21 мнъапъ 2016
57,бняйпеяемэе, 20 мнъапъ 2016
43,вербепц, 17 мнъапъ 2016
40,япедю, 16 мнъапъ 2016
58,япедю, 16 мнъапъ 2016
200,брнпмхй, 15 мнъапъ 2016
47,брнпмхй, 15 мнъапъ 2016
35,бняйпеяемэе, 13 мнъапъ 2016
65,вербепц, 10 мнъапъ 2016
33,брнпмхй, 11 нйръапъ 2016
33,япедю, 19 нйръапъ 2016
33,япедю, 19 нйръапъ 2016
39,япедю, 9 мнъапъ 2016
35,онмедекэмхй, 3 нйръапъ 2016
35,онмедекэмхй, 3 нйръапъ 2016
26,бняйпеяемэе, 6 мнъапъ 2016
55,оърмхжю, 4 мнъапъ 2016
35,бняйпеяемэе, 30 нйръапъ 2016
53,онмедекэмхй, 31 нйръапъ 2016
46,ясаанрю, 29 нйръапъ 2016
40,бняйпеяемэе, 30 нйръапъ 2016
40,ясаанрю, 29 нйръапъ 2016
46,оърмхжю, 28 нйръапъ 2016
48,оърмхжю, 28 нйръапъ 2016
50,оърмхжю, 28 нйръапъ 2016
23,вербепц, 27 нйръапъ 2016
48,япедю, 26 нйръапъ 2016
42,япедю, 26 нйръапъ 2016
48,вербепц, 20 нйръапъ 2016
43,вербепц, 20 нйръапъ 2016
43,оърмхжю, 21 нйръапъ 2016
55,оърмхжю, 21 нйръапъ 2016
45,брнпмхй, 25 нйръапъ 2016
9,оърмхжю, 7 нйръапъ 2016
50,онмедекэмхй, 24 нйръапъ 2016
35,онмедекэмхй, 24 нйръапъ 2016
58,онмедекэмхй, 24 нйръапъ 2016
35,бняйпеяемэе, 23 нйръапъ 2016
40,вербепц, 20 нйръапъ 2016
100,япедю, 19 нйръапъ 2016
35,япедю, 19 нйръапъ 2016
31,брнпмхй, 18 нйръапъ 2016
42,брнпмхй, 18 нйръапъ 2016
53,онмедекэмхй, 12 яемръапъ 2016
32,онмедекэмхй, 17 нйръапъ 2016
30,онмедекэмхй, 17 нйръапъ 2016
30,онмедекэмхй, 17 нйръапъ 2016
40,бняйпеяемэе, 16 нйръапъ 2016
40,вербепц, 13 нйръапъ 2016
47,онмедекэмхй, 10 нйръапъ 2016
200,бняйпеяемэе, 9 нйръапъ 2016
45,вербепц, 6 нйръапъ 2016
35,вербепц, 6 нйръапъ 2016
20,вербепц, 1 яемръапъ 2016
37,япедю, 5 нйръапъ 2016
48,ясаанрю, 1 нйръапъ 2016
36,онмедекэмхй, 3 нйръапъ 2016
30,онмедекэмхй, 3 нйръапъ 2016
30,бняйпеяемэе, 2 нйръапъ 2016
60,вербепц, 29 яемръапъ 2016
65,вербепц, 1 яемръапъ 2016
55,вербепц, 1 яемръапъ 2016
35,брнпмхй, 27 яемръапъ 2016
42,ясаанрю, 24 яемръапъ 2016
50,бняйпеяемэе, 25 яемръапъ 2016
28,оърмхжю, 23 яемръапъ 2016
35,вербепц, 22 яемръапъ 2016
40,япедю, 21 яемръапъ 2016
22,брнпмхй, 20 яемръапъ 2016
25,брнпмхй, 20 яемръапъ 2016
28,онмедекэмхй, 19 яемръапъ 2016
50,бняйпеяемэе, 18 яемръапъ 2016
27,ясаанрю, 17 яемръапъ 2016
10,япедю, 7 яемръапъ 2016
23,япедю, 14 яемръапъ 2016
45,бняйпеяемэе, 4 яемръапъ 2016
40,ясаанрю, 10 яемръапъ 2016
50,ясаанрю, 10 яемръапъ 2016
55,ясаанрю, 10 яемръапъ 2016
1,вербепц, 8 яемръапъ 2016
1,вербепц, 8 яемръапъ 2016
50,вербепц, 8 яемръапъ 2016
36,япедю, 7 яемръапъ 2016
1,брнпмхй, 6 яемръапъ 2016
42,онмедекэмхй, 5 яемръапъ 2016
47,онмедекэмхй, 5 яемръапъ 2016
50,онмедекэмхй, 5 яемръапъ 2016
25,онмедекэмхй, 5 яемръапъ 2016
65,онмедекэмхй, 15 юбцсярю 2016
50,вербепц, 11 юбцсярю 2016
35,вербепц, 11 юбцсярю 2016
57,вербепц, 11 юбцсярю 2016
55,онмедекэмхй, 29 юбцсярю 2016
60,бняйпеяемэе, 10 юопекъ 2016
40,брнпмхй, 30 юбцсярю 2016
50,брнпмхй, 30 юбцсярю 2016
57,50,вербепц, 11 юбцсярю 2016
66,вербепц, 11 юбцсярю 2016
73,вербепц, 11 юбцсярю 2016
77,вербепц, 11 юбцсярю 2016
74,вербепц, 11 юбцсярю 2016
75,вербепц, 11 юбцсярю 2016
55,вербепц, 11 юбцсярю 2016
45,вербепц, 11 юбцсярю 2016
25,онмедекэмхй, 15 юбцсярю 2016
55,брнпмхй, 16 юбцсярю 2016
55,вербепц, 18 юбцсярю 2016
42,онмедекэмхй, 29 юбцсярю 2016
60,ясаанрю, 20 юбцсярю 2016
35,ясаанрю, 20 юбцсярю 2016
25,япедю, 17 юбцсярю 2016
42,брнпмхй, 8 люпрю 2016
73,вербепц, 11 юбцсярю 2016
35,япедю, 10 юбцсярю 2016
8,брнпмхй, 9 юбцсярю 2016
42,япедю, 27 юопекъ 2016
8,онмедекэмхй, 8 юбцсярю 2016
8,онмедекэмхй, 8 юбцсярю 2016
45,брнпмхй, 2 юбцсярю 2016
75,онмедекэмхй, 1 юбцсярю 2016
45,ясаанрю, 30 хчкъ 2016
50,вербепц, 28 хчкъ 2016
1,онмедекэмхй, 11 хчкъ 2016
55,оърмхжю, 15 хчкъ 2016
55,оърмхжю, 15 хчкъ 2016
0,10,оърмхжю, 22 хчкъ 2016
47,япедю, 20 хчкъ 2016
10,брнпмхй, 19 хчкъ 2016
45,онмедекэмхй, 18 хчкъ 2016
1,бняйпеяемэе, 17 хчкъ 2016
1,вербепц, 14 хчкъ 2016
50,ясаанрю, 16 хчкъ 2016
50,брнпмхй, 1 люпрю 2016
42,вербепц, 14 хчкъ 2016
1,онмедекэмхй, 11 хчкъ 2016
42,ясаанрю, 9 хчкъ 2016
1,оърмхжю, 8 хчкъ 2016
54,вербепц, 9 хчмъ 2016
60,япедю, 29 хчмъ 2016
15,вербепц, 23 хчмъ 2016
40,вербепц, 9 хчмъ 2016
35,япедю, 16 люпрю 2016
40,япедю, 25 люъ 2016
50,бняйпеяемэе, 10 юопекъ 2016
53,брнпмхй, 26 юопекъ 2016
53,брнпмхй, 26 юопекъ 2016
50,оърмхжю, 13 люъ 2016
60,оърмхжю, 13 люъ 2016
60,брнпмхй, 12 юопекъ 2016
55,брнпмхй, 10 люъ 2016
55,онмедекэмхй, 21 люпрю 2016
100,япедю, 13 юопекъ 2016
58,бняйпеяемэе, 24 юопекъ 2016
55,вербепц, 7 юопекъ 2016
25,оърмхжю, 22 юопекъ 2016
77,оърмхжю, 15 юопекъ 2016
27,брнпмхй, 19 юопекъ 2016
60,бняйпеяемэе, 17 юопекъ 2016
60,оърмхжю, 15 юопекъ 2016
52,оърмхжю, 25 люпрю 2016
80,вербепц, 7 юопекъ 2016
40,брнпмхй, 5 юопекъ 2016
30,онмедекэмхй, 4 юопекъ 2016
50,бняйпеяемэе, 27 люпрю 2016
85,брнпмхй, 22 люпрю 2016
53,брнпмхй, 22 люпрю 2016
47,онмедекэмхй, 21 люпрю 2016
10,онмедекэмхй, 21 люпрю 2016
58,бняйпеяемэе, 20 люпрю 2016
60,вербепц, 17 люпрю 2016
34,вербепц, 17 люпрю 2016
85,брнпмхй, 15 люпрю 2016
52,вербепц, 4 тебпюкъ 2016
52,япедю, 2 люпрю 2016
52,вербепц, 4 тебпюкъ 2016
56,вербепц, 4 тебпюкъ 2016
56,ясаанрю, 27 тебпюкъ 2016
90,бняйпеяемэе, 13 люпрю 2016
48,ясаанрю, 12 люпрю 2016
59,оърмхжю, 11 люпрю 2016
29,оърмхжю, 11 люпрю 2016
10,оърмхжю, 11 люпрю 2016
50,япедю, 9 люпрю 2016
38,бняйпеяемэе, 6 люпрю 2016
1,ясаанрю, 12 дейюапъ 2015
56,вербепц, 4 тебпюкъ 2016
50,япедю, 2 люпрю 2016
80,брнпмхй, 1 люпрю 2016
55,брнпмхй, 16 тебпюкъ 2016
250,оърмхжю, 26 тебпюкъ 2016
46,вербепц, 25 тебпюкъ 2016
38,вербепц, 25 тебпюкъ 2016
1,ясаанрю, 16 ъмбюпъ 2016
60,япедю, 24 тебпюкъ 2016
35,оърмхжю, 19 тебпюкъ 2016
55,оърмхжю, 19 тебпюкъ 2016
68,вербепц, 18 тебпюкъ 2016
60,оърмхжю, 12 тебпюкъ 2016
49,брнпмхй, 16 тебпюкъ 2016
100,ясаанрю, 13 тебпюкъ 2016
62,вербепц, 11 тебпюкъ 2016
60,вербепц, 4 тебпюкъ 2016
38,япедю, 3 тебпюкъ 2016
55,япедю, 3 тебпюкъ 2016
1,брнпмхй, 2 тебпюкъ 2016
42,онмедекэмхй, 18 ъмбюпъ 2016
29,брнпмхй, 26 ъмбюпъ 2016
35,онмедекэмхй, 25 ъмбюпъ 2016
45,оърмхжю, 22 ъмбюпъ 2016
30,оърмхжю, 22 ъмбюпъ 2016
43,япедю, 23 дейюапъ 2015
27,брнпмхй, 12 ъмбюпъ 2016
29,онмедекэмхй, 11 ъмбюпъ 2016
52,онмедекэмхй, 11 ъмбюпъ 2016
45,брнпмхй, 5 ъмбюпъ 2016
90,вербепц, 24 дейюапъ 2015
55,япедю, 23 дейюапъ 2015
55,брнпмхй, 22 дейюапъ 2015
45,50,брнпмхй, 22 дейюапъ 2015
47,вербепц, 17 дейюапъ 2015
95,вербепц, 17 дейюапъ 2015
60,брнпмхй, 15 дейюапъ 2015
48,онмедекэмхй, 14 дейюапъ 2015
45,онмедекэмхй, 14 дейюапъ 2015
50,вербепц, 10 дейюапъ 2015
45,вербепц, 10 дейюапъ 2015
50,брнпмхй, 8 дейюапъ 2015
48,оърмхжю, 4 дейюапъ 2015
66,япедю, 2 дейюапъ 2015
44,брнпмхй, 1 дейюапъ 2015
44,онмедекэмхй, 30 мнъапъ 2015
45,онмедекэмхй, 23 мнъапъ 2015
44,онмедекэмхй, 30 мнъапъ 2015
48,вербепц, 26 мнъапъ 2015
48,вербепц, 26 мнъапъ 2015
44,вербепц, 26 мнъапъ 2015
44,вербепц, 26 мнъапъ 2015
42,брнпмхй, 3 мнъапъ 2015
42,онмедекэмхй, 23 мнъапъ 2015
43,онмедекэмхй, 23 мнъапъ 2015
39,онмедекэмхй, 23 мнъапъ 2015
44,онмедекэмхй, 23 мнъапъ 2015
41,онмедекэмхй, 23 мнъапъ 2015
39,оърмхжю, 20 мнъапъ 2015
44,оърмхжю, 20 мнъапъ 2015
41,оърмхжю, 20 мнъапъ 2015
45,оърмхжю, 20 мнъапъ 2015
25,онмедекэмхй, 12 нйръапъ 2015
43,оърмхжю, 20 мнъапъ 2015
42,вербепц, 19 мнъапъ 2015
41,вербепц, 19 мнъапъ 2015
44,брнпмхй, 10 мнъапъ 2015
40,вербепц, 19 мнъапъ 2015
41,япедю, 18 мнъапъ 2015
45,япедю, 18 мнъапъ 2015
40,оърмхжю, 13 мнъапъ 2015
45,брнпмхй, 17 мнъапъ 2015
22,брнпмхй, 17 мнъапъ 2015
44,брнпмхй, 17 мнъапъ 2015
40,брнпмхй, 17 мнъапъ 2015
43,онмедекэмхй, 16 мнъапъ 2015
49,вербепц, 12 мнъапъ 2015
39,оърмхжю, 13 мнъапъ 2015
40,оърмхжю, 13 мнъапъ 2015
42,оърмхжю, 13 мнъапъ 2015
44,вербепц, 12 мнъапъ 2015
60,вербепц, 12 мнъапъ 2015
42,вербепц, 12 мнъапъ 2015
46,япедю, 11 мнъапъ 2015
47,япедю, 11 мнъапъ 2015
46,япедю, 11 мнъапъ 2015
42,япедю, 11 мнъапъ 2015
45,япедю, 11 мнъапъ 2015
42,брнпмхй, 10 мнъапъ 2015
1,брнпмхй, 10 мнъапъ 2015
40,брнпмхй, 10 мнъапъ 2015
43,онмедекэмхй, 9 мнъапъ 2015
41,онмедекэмхй, 9 мнъапъ 2015
42,вербепц, 5 мнъапъ 2015
45,онмедекэмхй, 9 мнъапъ 2015
40,брнпмхй, 3 мнъапъ 2015
42,онмедекэмхй, 9 мнъапъ 2015
40,онмедекэмхй, 9 мнъапъ 2015
41,брнпмхй, 3 мнъапъ 2015
44,брнпмхй, 3 мнъапъ 2015
41,вербепц, 5 мнъапъ 2015
37,бняйпеяемэе, 8 мнъапъ 2015
34,оърмхжю, 6 мнъапъ 2015
56,оърмхжю, 6 мнъапъ 2015
29,япедю, 4 мнъапъ 2015
1,онмедекэмхй, 2 мнъапъ 2015
65,япедю, 28 нйръапъ 2015
48,онмедекэмхй, 26 нйръапъ 2015
38,оърмхжю, 23 нйръапъ 2015
38,оърмхжю, 23 нйръапъ 2015
38,онмедекэмхй, 19 нйръапъ 2015
36,бняйпеяемэе, 18 нйръапъ 2015
36,оърмхжю, 16 нйръапъ 2015
35,вербепц, 15 нйръапъ 2015
45,онмедекэмхй, 5 нйръапъ 2015
35,вербепц, 15 нйръапъ 2015
45,брнпмхй, 13 нйръапъ 2015
30,брнпмхй, 13 нйръапъ 2015
40,брнпмхй, 13 нйръапъ 2015
55,брнпмхй, 13 нйръапъ 2015
45,онмедекэмхй, 12 нйръапъ 2015
35,онмедекэмхй, 12 нйръапъ 2015
77,ясаанрю, 26 яемръапъ 2015
38,оърмхжю, 9 нйръапъ 2015
60,брнпмхй, 15 яемръапъ 2015
60,оърмхжю, 9 нйръапъ 2015
37,оърмхжю, 9 нйръапъ 2015
57,вербепц, 8 нйръапъ 2015
54,япедю, 7 нйръапъ 2015
29,япедю, 7 нйръапъ 2015
45,япедю, 7 нйръапъ 2015
33,онмедекэмхй, 5 нйръапъ 2015
60,онмедекэмхй, 5 нйръапъ 2015
35,ясаанрю, 3 нйръапъ 2015
9,50,япедю, 30 яемръапъ 2015
43,50,япедю, 30 яемръапъ 2015
1,онмедекэмхй, 28 яемръапъ 2015
50,бняйпеяемэе, 27 яемръапъ 2015
1,ясаанрю, 26 яемръапъ 2015
45,вербепц, 10 яемръапъ 2015
40,брнпмхй, 22 яемръапъ 2015
12,брнпмхй, 22 яемръапъ 2015
35,брнпмхй, 22 яемръапъ 2015
43,50,брнпмхй, 22 яемръапъ 2015
35,онмедекэмхй, 21 яемръапъ 2015
46,онмедекэмхй, 21 яемръапъ 2015
46,оърмхжю, 18 яемръапъ 2015
1,оърмхжю, 18 яемръапъ 2015
46,брнпмхй, 15 яемръапъ 2015
1,брнпмхй, 15 яемръапъ 2015
1,бняйпеяемэе, 13 яемръапъ 2015
1,оърмхжю, 11 яемръапъ 2015
1,вербепц, 10 яемръапъ 2015
1,япедю, 9 яемръапъ 2015
40,оърмхжю, 17 юопекъ 2015
47,оърмхжю, 4 яемръапъ 2015
42,оърмхжю, 4 яемръапъ 2015
46,япедю, 2 яемръапъ 2015
47,япедю, 2 яемръапъ 2015
15,япедю, 23 яемръапъ 2015
8,брнпмхй, 25 юбцсярю 2015
30,япедю, 23 яемръапъ 2015
30,япедю, 2 яемръапъ 2015
1,оърмхжю, 21 юбцсярю 2015
30,оърмхжю, 21 юбцсярю 2015
30,брнпмхй, 25 юбцсярю 2015
1,оърмхжю, 21 юбцсярю 2015
44,вербепц, 27 юбцсярю 2015
30,оърмхжю, 21 юбцсярю 2015
30,оърмхжю, 21 юбцсярю 2015
30,оърмхжю, 21 юбцсярю 2015
89,япедю, 12 юбцсярю 2015
50,япедю, 12 юбцсярю 2015
47,япедю, 12 юбцсярю 2015
1,бняйпеяемэе, 2 юбцсярю 2015
70,ясаанрю, 1 юбцсярю 2015
70,оърмхжю, 31 хчкъ 2015
55,япедю, 24 хчмъ 2015
1,онмедекэмхй, 16 тебпюкъ 2015
55,брнпмхй, 30 хчмъ 2015
56,япедю, 15 юопекъ 2015
40,ясаанрю, 23 люъ 2015
53,вербепц, 21 люъ 2015
56,брнпмхй, 19 люъ 2015
30,брнпмхй, 19 люъ 2015
35,оърмхжю, 17 юопекъ 2015
30,вербепц, 14 люъ 2015
50,онмедекэмхй, 11 люъ 2015
54,вербепц, 15 ъмбюпъ 2015
50,брнпмхй, 21 юопекъ 2015
50,онмедекэмхй, 13 юопекъ 2015
47,оърмхжю, 10 юопекъ 2015
48,онмедекэмхй, 6 юопекъ 2015
9 999,99,бняйпеяемэе, 5 юопекъ 2015
45,оърмхжю, 3 юопекъ 2015
73,онмедекэмхй, 30 люпрю 2015
72,ясаанрю, 28 люпрю 2015
46,онмедекэмхй, 23 люпрю 2015
58,бняйпеяемэе, 22 люпрю 2015
10,ясаанрю, 21 люпрю 2015
65,брнпмхй, 17 люпрю 2015
49,вербепц, 5 люпрю 2015
100,япедю, 11 люпрю 2015
42,бняйпеяемэе, 22 тебпюкъ 2015
65,оърмхжю, 6 тебпюкъ 2015
50,брнпмхй, 17 тебпюкъ 2015
55,вербепц, 12 тебпюкъ 2015
72,брнпмхй, 10 тебпюкъ 2015
34,япедю, 4 тебпюкъ 2015
52,вербепц, 29 ъмбюпъ 2015
36,брнпмхй, 27 ъмбюпъ 2015
47,вербепц, 15 ъмбюпъ 2015
38,япедю, 14 ъмбюпъ 2015
34,япедю, 14 ъмбюпъ 2015
15,брнпмхй, 13 ъмбюпъ 2015
60,япедю, 24 дейюапъ 2014
39,ясаанрю, 13 дейюапъ 2014
38,вербепц, 11 дейюапъ 2014
38,вербепц, 11 дейюапъ 2014
44,вербепц, 11 дейюапъ 2014
25,онмедекэмхй, 1 дейюапъ 2014
37,оърмхжю, 28 мнъапъ 2014
24,онмедекэмхй, 24 мнъапъ 2014
4,50,оърмхжю, 21 мнъапъ 2014
31,оърмхжю, 21 мнъапъ 2014
19,вербепц, 20 мнъапъ 2014
19,вербепц, 20 мнъапъ 2014
1,вербепц, 20 мнъапъ 2014
35,япедю, 19 мнъапъ 2014
38,онмедекэмхй, 17 мнъапъ 2014
1,бняйпеяемэе, 16 мнъапъ 2014
54,ясаанрю, 8 мнъапъ 2014
40,брнпмхй, 28 нйръапъ 2014
25,онмедекэмхй, 27 нйръапъ 2014
25,вербепц, 16 нйръапъ 2014
48,брнпмхй, 14 нйръапъ 2014
29,брнпмхй, 14 нйръапъ 2014
25,вербепц, 9 нйръапъ 2014
40,япедю, 8 нйръапъ 2014
1,ясаанрю, 6 яемръапъ 2014
45,вербепц, 2 нйръапъ 2014
30,япедю, 1 нйръапъ 2014
30,ясаанрю, 27 яемръапъ 2014
50,оърмхжю, 26 яемръапъ 2014
15,вербепц, 25 яемръапъ 2014
1,ясаанрю, 6 яемръапъ 2014
35,япедю, 24 яемръапъ 2014
37,бняйпеяемэе, 21 яемръапъ 2014
38,ясаанрю, 20 яемръапъ 2014
35,вербепц, 18 яемръапъ 2014
37,япедю, 17 яемръапъ 2014
20,брнпмхй, 16 яемръапъ 2014
33,онмедекэмхй, 15 яемръапъ 2014
25,ясаанрю, 13 яемръапъ 2014
45,вербепц, 11 яемръапъ 2014
50,япедю, 10 яемръапъ 2014
29,япедю, 10 яемръапъ 2014
45,брнпмхй, 9 яемръапъ 2014
1,онмедекэмхй, 8 яемръапъ 2014
40,ясаанрю, 6 яемръапъ 2014
1,оърмхжю, 5 яемръапъ 2014
40,вербепц, 4 яемръапъ 2014
25,япедю, 20 юбцсярю 2014
33,вербепц, 14 юбцсярю 2014
10,вербепц, 31 хчкъ 2014
1,япедю, 16 хчкъ 2014
25,брнпмхй, 15 хчкъ 2014
30,онмедекэмхй, 14 хчкъ 2014
1,оърмхжю, 4 хчкъ 2014
24,бняйпеяемэе, 29 хчмъ 2014
